region_id,lon_center,lat_center,Transportation Facilities,Leisure & Entertainment,Companies & Enterprises,Healthcare,Commercial & Residential,Tourist Attractions,Automotive,Life Services,Science & Education & Culture,Shopping & Consumer Goods,Sports & Fitness,Hotels & Accommodations,Financial Institutions,Dining & Cuisine
0,116.255,39.855,0.049,0.13,0.065,0.102,0.127,0.0,0.034,0.174,0.068,0.075,0.016,0.046,0.037,0.077
1,116.265,39.855,0.034,0.081,0.041,0.175,0.133,0.074,0.0,0.077,0.053,0.051,0.051,0.048,0.076,0.106
2,116.275,39.855,0.089,0.139,0.055,0.05,0.13,0.0,0.107,0.072,0.11,0.058,0.015,0.055,0.054,0.067
3,116.285,39.855,0.078,0.056,0.04,0.055,0.124,0.013,0.055,0.054,0.083,0.036,0.141,0.133,0.079,0.053
4,116.295,39.855,0.098,0.064,0.053,0.099,0.115,0.0,0.042,0.107,0.073,0.095,0.054,0.101,0.0,0.099
5,116.305,39.855,0.029,0.007,0.054,0.017,0.015,0.007,0.737,0.02,0.009,0.013,0.02,0.04,0.012,0.021
6,116.315,39.855,0.065,0.052,0.071,0.166,0.072,0.047,0.272,0.093,0.017,0.065,0.032,0.0,0.048,0.0
7,116.325,39.855,0.058,0.0,0.042,0.12,0.157,0.0,0.147,0.116,0.037,0.056,0.0,0.132,0.105,0.029
8,116.335,39.855,0.072,0.0,0.181,0.025,0.177,0.063,0.159,0.049,0.062,0.039,0.043,0.061,0.048,0.021
9,116.345,39.855,0.084,0.043,0.063,0.021,0.07,0.066,0.189,0.049,0.047,0.085,0.099,0.051,0.061,0.074
10,116.355,39.855,0.105,0.104,0.023,0.089,0.061,0.012,0.24,0.065,0.013,0.069,0.041,0.069,0.055,0.056
11,116.365,39.855,0.076,0.07,0.105,0.033,0.049,0.011,0.176,0.099,0.051,0.088,0.073,0.055,0.044,0.071
12,116.375,39.855,0.068,0.081,0.054,0.077,0.088,0.037,0.045,0.075,0.042,0.058,0.093,0.128,0.044,0.109
13,116.385,39.855,0.08,0.087,0.046,0.075,0.057,0.008,0.063,0.095,0.06,0.083,0.049,0.134,0.053,0.113
14,116.395,39.855,0.063,0.061,0.06,0.032,0.03,0.0,0.098,0.055,0.037,0.284,0.076,0.049,0.044,0.112
15,116.405,39.855,0.082,0.089,0.063,0.083,0.073,0.008,0.029,0.099,0.045,0.085,0.045,0.185,0.038,0.075
16,116.415,39.855,0.099,0.011,0.053,0.127,0.101,0.021,0.098,0.079,0.043,0.07,0.043,0.108,0.043,0.103
17,116.425,39.855,0.082,0.084,0.133,0.081,0.097,0.0,0.039,0.091,0.075,0.07,0.041,0.092,0.037,0.077
18,116.435,39.855,0.081,0.105,0.091,0.082,0.056,0.017,0.094,0.105,0.063,0.05,0.089,0.048,0.067,0.053
19,116.445,39.855,0.04,0.081,0.017,0.029,0.057,0.272,0.178,0.031,0.027,0.063,0.102,0.048,0.038,0.019
20,116.455,39.855,0.062,0.0,0.031,0.094,0.08,0.012,0.061,0.061,0.036,0.115,0.066,0.264,0.012,0.107
21,116.465,39.855,0.054,0.034,0.21,0.027,0.024,0.0,0.061,0.045,0.021,0.4,0.026,0.025,0.012,0.062
22,116.475,39.855,0.07,0.043,0.117,0.023,0.046,0.0,0.25,0.043,0.025,0.187,0.061,0.064,0.046,0.024
23,116.485,39.855,0.039,0.0,0.021,0.049,0.016,0.0,0.473,0.145,0.034,0.077,0.021,0.04,0.0,0.084
24,116.495,39.855,0.047,0.084,0.025,0.15,0.033,0.026,0.074,0.124,0.064,0.074,0.105,0.017,0.079,0.1
25,116.255,39.865,0.099,0.114,0.115,0.041,0.06,0.052,0.17,0.084,0.023,0.101,0.018,0.017,0.054,0.053
26,116.265,39.865,0.055,0.037,0.046,0.098,0.06,0.05,0.217,0.112,0.042,0.07,0.103,0.011,0.06,0.038
27,116.275,39.865,0.083,0.084,0.142,0.04,0.075,0.077,0.074,0.033,0.041,0.023,0.149,0.083,0.059,0.036
28,116.285,39.865,0.132,0.046,0.046,0.135,0.083,0.042,0.053,0.083,0.05,0.032,0.064,0.081,0.102,0.053
29,116.295,39.865,0.105,0.05,0.112,0.09,0.079,0.015,0.078,0.084,0.047,0.074,0.063,0.01,0.047,0.145
30,116.305,39.865,0.085,0.047,0.098,0.051,0.062,0.0,0.217,0.043,0.067,0.028,0.069,0.046,0.155,0.032
31,116.315,39.865,0.131,0.0,0.083,0.013,0.104,0.034,0.342,0.046,0.018,0.019,0.0,0.066,0.122,0.023
32,116.325,39.865,0.063,0.068,0.084,0.006,0.096,0.016,0.09,0.071,0.042,0.108,0.054,0.091,0.096,0.115
33,116.335,39.865,0.064,0.0,0.064,0.013,0.152,0.0,0.072,0.106,0.053,0.036,0.046,0.086,0.272,0.035
34,116.345,39.865,0.078,0.0,0.094,0.174,0.047,0.277,0.053,0.036,0.106,0.015,0.038,0.036,0.038,0.009
35,116.355,39.865,0.108,0.056,0.038,0.135,0.078,0.115,0.064,0.084,0.052,0.059,0.009,0.074,0.059,0.068
36,116.365,39.865,0.107,0.069,0.064,0.079,0.097,0.0,0.064,0.098,0.048,0.069,0.026,0.123,0.084,0.071
37,116.375,39.865,0.181,0.033,0.022,0.035,0.046,0.02,0.137,0.096,0.021,0.066,0.007,0.181,0.046,0.109
38,116.385,39.865,0.094,0.085,0.067,0.057,0.068,0.034,0.099,0.072,0.037,0.072,0.041,0.139,0.066,0.067
39,116.395,39.865,0.099,0.061,0.082,0.057,0.088,0.067,0.048,0.071,0.028,0.219,0.015,0.058,0.034,0.071
40,116.405,39.865,0.102,0.11,0.038,0.079,0.09,0.025,0.045,0.108,0.072,0.059,0.043,0.114,0.032,0.081
41,116.415,39.865,0.083,0.061,0.018,0.065,0.057,0.008,0.069,0.116,0.071,0.075,0.076,0.123,0.057,0.121
42,116.425,39.865,0.085,0.118,0.063,0.093,0.033,0.023,0.049,0.078,0.058,0.072,0.082,0.048,0.061,0.139
43,116.435,39.865,0.095,0.076,0.04,0.082,0.056,0.01,0.086,0.087,0.061,0.039,0.082,0.077,0.148,0.061
44,116.445,39.865,0.073,0.035,0.026,0.047,0.045,0.024,0.04,0.06,0.016,0.156,0.016,0.407,0.0,0.056
45,116.455,39.865,0.08,0.027,0.062,0.039,0.063,0.004,0.045,0.051,0.044,0.293,0.037,0.104,0.047,0.104
46,116.465,39.865,0.071,0.114,0.061,0.089,0.051,0.0,0.034,0.123,0.044,0.143,0.085,0.068,0.068,0.047
47,116.475,39.865,0.076,0.075,0.061,0.155,0.039,0.026,0.068,0.059,0.043,0.061,0.112,0.056,0.053,0.115
48,116.485,39.865,0.022,0.686,0.008,0.005,0.009,0.025,0.053,0.017,0.026,0.027,0.084,0.024,0.0,0.013
49,116.495,39.865,0.049,0.388,0.027,0.019,0.041,0.012,0.133,0.065,0.055,0.043,0.067,0.024,0.038,0.04
50,116.255,39.875,0.089,0.079,0.097,0.036,0.046,0.018,0.353,0.058,0.023,0.069,0.075,0.035,0.009,0.012
51,116.265,39.875,0.077,0.024,0.063,0.026,0.067,0.0,0.047,0.133,0.035,0.064,0.18,0.085,0.123,0.077
52,116.275,39.875,0.059,0.096,0.13,0.065,0.05,0.01,0.071,0.081,0.016,0.225,0.013,0.051,0.04,0.093
53,116.285,39.875,0.069,0.055,0.108,0.026,0.085,0.0,0.181,0.055,0.048,0.042,0.126,0.108,0.009,0.088
54,116.295,39.875,0.08,0.054,0.048,0.104,0.025,0.133,0.12,0.093,0.045,0.1,0.114,0.032,0.017,0.036
55,116.305,39.875,0.075,0.087,0.059,0.035,0.054,0.0,0.166,0.057,0.033,0.176,0.121,0.034,0.059,0.045
56,116.315,39.875,0.103,0.06,0.036,0.096,0.058,0.0,0.02,0.11,0.038,0.101,0.069,0.089,0.079,0.141
57,116.325,39.875,0.099,0.053,0.093,0.105,0.069,0.024,0.035,0.076,0.057,0.191,0.056,0.053,0.029,0.06
58,116.335,39.875,0.118,0.111,0.046,0.053,0.104,0.017,0.085,0.1,0.042,0.041,0.081,0.088,0.061,0.055
59,116.345,39.875,0.094,0.054,0.067,0.071,0.091,0.108,0.06,0.061,0.068,0.047,0.04,0.14,0.047,0.052
60,116.355,39.875,0.058,0.049,0.034,0.07,0.1,0.187,0.0,0.071,0.102,0.066,0.073,0.063,0.059,0.069
61,116.365,39.875,0.089,0.045,0.064,0.112,0.094,0.02,0.029,0.092,0.095,0.051,0.112,0.046,0.089,0.061
62,116.375,39.875,0.022,0.072,0.022,0.045,0.044,0.499,0.018,0.047,0.032,0.03,0.034,0.048,0.05,0.037
63,116.385,39.875,0.075,0.036,0.054,0.069,0.078,0.109,0.055,0.047,0.106,0.034,0.083,0.078,0.123,0.053
64,116.395,39.875,0.077,0.019,0.012,0.279,0.059,0.089,0.064,0.074,0.073,0.053,0.024,0.138,0.0,0.037
65,116.405,39.875,0.042,0.0,0.025,0.109,0.055,0.433,0.134,0.038,0.044,0.026,0.042,0.02,0.0,0.03
66,116.415,39.875,0.094,0.054,0.076,0.053,0.106,0.061,0.062,0.037,0.07,0.019,0.227,0.087,0.025,0.029
67,116.425,39.875,0.089,0.037,0.028,0.0,0.035,0.372,0.049,0.066,0.036,0.012,0.232,0.022,0.017,0.006
68,116.435,39.875,0.07,0.125,0.017,0.1,0.036,0.319,0.018,0.08,0.043,0.024,0.079,0.033,0.039,0.016
69,116.445,39.875,0.108,0.034,0.037,0.152,0.102,0.01,0.075,0.056,0.049,0.063,0.022,0.136,0.064,0.092
70,116.455,39.875,0.093,0.076,0.071,0.076,0.049,0.016,0.066,0.058,0.064,0.241,0.044,0.066,0.033,0.046
71,116.465,39.875,0.089,0.073,0.024,0.083,0.093,0.033,0.064,0.118,0.044,0.092,0.061,0.065,0.051,0.11
72,116.475,39.875,0.074,0.075,0.023,0.027,0.052,0.08,0.041,0.052,0.313,0.046,0.109,0.007,0.058,0.042
73,116.485,39.875,0.053,0.08,0.039,0.082,0.031,0.012,0.035,0.081,0.077,0.312,0.076,0.04,0.038,0.044
74,116.495,39.875,0.073,0.011,0.033,0.042,0.027,0.019,0.477,0.058,0.045,0.1,0.0,0.038,0.025,0.051
75,116.255,39.885,0.076,0.05,0.044,0.061,0.051,0.0,0.092,0.091,0.046,0.128,0.125,0.071,0.094,0.072
76,116.265,39.885,0.082,0.02,0.06,0.053,0.059,0.018,0.187,0.071,0.032,0.177,0.043,0.058,0.073,0.067
77,116.275,39.885,0.109,0.011,0.033,0.319,0.056,0.01,0.1,0.06,0.028,0.044,0.068,0.071,0.041,0.05
78,116.285,39.885,0.149,0.088,0.055,0.071,0.067,0.06,0.203,0.05,0.047,0.025,0.069,0.052,0.041,0.025
79,116.295,39.885,0.114,0.083,0.048,0.06,0.082,0.0,0.086,0.105,0.058,0.068,0.111,0.082,0.022,0.083
80,116.305,39.885,0.13,0.039,0.102,0.104,0.086,0.0,0.104,0.065,0.049,0.031,0.033,0.109,0.062,0.086
81,116.315,39.885,0.072,0.057,0.057,0.063,0.07,0.031,0.041,0.063,0.05,0.089,0.111,0.131,0.088,0.075
82,116.325,39.885,0.076,0.083,0.076,0.089,0.061,0.032,0.059,0.095,0.046,0.182,0.035,0.037,0.065,0.064
83,116.335,39.885,0.075,0.075,0.05,0.068,0.078,0.023,0.054,0.087,0.079,0.074,0.114,0.074,0.08,0.068
84,116.345,39.885,0.109,0.058,0.104,0.075,0.114,0.04,0.034,0.054,0.064,0.026,0.109,0.069,0.109,0.036
85,116.355,39.885,0.111,0.046,0.056,0.089,0.116,0.099,0.005,0.083,0.058,0.068,0.044,0.078,0.084,0.063
86,116.365,39.885,0.102,0.035,0.07,0.074,0.065,0.111,0.023,0.083,0.05,0.051,0.103,0.056,0.126,0.051
87,116.375,39.885,0.073,0.075,0.025,0.141,0.057,0.092,0.022,0.127,0.07,0.056,0.089,0.035,0.082,0.056
88,116.385,39.885,0.069,0.052,0.029,0.166,0.064,0.084,0.009,0.123,0.044,0.067,0.004,0.17,0.043,0.076
89,116.395,39.885,0.053,0.117,0.033,0.076,0.05,0.185,0.077,0.074,0.049,0.057,0.02,0.113,0.07,0.026
90,116.405,39.885,0.078,0.039,0.027,0.098,0.032,0.268,0.013,0.1,0.038,0.033,0.037,0.162,0.018,0.056
91,116.415,39.885,0.077,0.037,0.066,0.059,0.086,0.109,0.03,0.073,0.057,0.209,0.046,0.06,0.022,0.068
92,116.425,39.885,0.084,0.082,0.082,0.034,0.101,0.021,0.062,0.076,0.075,0.049,0.088,0.139,0.049,0.056
93,116.435,39.885,0.099,0.012,0.092,0.076,0.128,0.057,0.057,0.068,0.083,0.033,0.086,0.066,0.058,0.085
94,116.445,39.885,0.088,0.066,0.021,0.123,0.105,0.024,0.035,0.106,0.043,0.077,0.033,0.086,0.074,0.119
95,116.455,39.885,0.067,0.081,0.071,0.124,0.051,0.01,0.021,0.089,0.046,0.052,0.051,0.177,0.058,0.101
96,116.465,39.885,0.1,0.075,0.09,0.066,0.055,0.03,0.035,0.104,0.062,0.048,0.054,0.096,0.091,0.095
97,116.475,39.885,0.049,0.105,0.095,0.103,0.067,0.005,0.044,0.09,0.07,0.045,0.138,0.052,0.07,0.066
98,116.485,39.885,0.065,0.12,0.082,0.036,0.045,0.0,0.119,0.037,0.039,0.218,0.126,0.018,0.019,0.076
99,116.495,39.885,0.046,0.088,0.094,0.126,0.041,0.0,0.261,0.079,0.05,0.047,0.083,0.052,0.0,0.035
100,116.255,39.895,0.103,0.049,0.058,0.044,0.103,0.022,0.065,0.144,0.08,0.103,0.0,0.102,0.023,0.103
101,116.265,39.895,0.096,0.0,0.061,0.077,0.186,0.0,0.162,0.055,0.05,0.056,0.039,0.182,0.014,0.021
102,116.275,39.895,0.058,0.085,0.042,0.055,0.067,0.0,0.101,0.099,0.036,0.143,0.064,0.141,0.04,0.07
103,116.285,39.895,0.139,0.098,0.074,0.035,0.126,0.0,0.13,0.047,0.073,0.015,0.124,0.058,0.046,0.034
104,116.295,39.895,0.088,0.033,0.098,0.058,0.099,0.0,0.064,0.071,0.064,0.053,0.082,0.174,0.031,0.085
105,116.305,39.895,0.067,0.077,0.102,0.129,0.078,0.024,0.085,0.058,0.093,0.022,0.097,0.084,0.042,0.043
106,116.315,39.895,0.128,0.047,0.078,0.084,0.061,0.043,0.044,0.065,0.043,0.065,0.017,0.15,0.066,0.111
107,116.325,39.895,0.091,0.0,0.058,0.078,0.104,0.038,0.028,0.09,0.078,0.054,0.137,0.119,0.055,0.07
108,116.335,39.895,0.078,0.051,0.043,0.076,0.076,0.139,0.047,0.084,0.07,0.057,0.019,0.132,0.043,0.088
109,116.345,39.895,0.092,0.025,0.053,0.062,0.113,0.102,0.074,0.101,0.069,0.052,0.016,0.117,0.064,0.062
110,116.355,39.895,0.08,0.079,0.056,0.189,0.107,0.064,0.013,0.064,0.073,0.034,0.012,0.112,0.075,0.043
111,116.365,39.895,0.069,0.043,0.072,0.038,0.077,0.078,0.047,0.06,0.087,0.071,0.072,0.067,0.154,0.065
112,116.375,39.895,0.103,0.037,0.034,0.053,0.087,0.144,0.006,0.085,0.112,0.111,0.082,0.044,0.057,0.045
113,116.385,39.895,0.023,0.098,0.025,0.027,0.058,0.106,0.004,0.089,0.041,0.093,0.011,0.304,0.03,0.092
114,116.395,39.895,0.061,0.054,0.029,0.038,0.038,0.245,0.009,0.05,0.053,0.051,0.034,0.202,0.044,0.093
115,116.405,39.895,0.094,0.073,0.045,0.095,0.057,0.103,0.026,0.087,0.049,0.046,0.062,0.141,0.065,0.059
116,116.415,39.895,0.042,0.094,0.041,0.094,0.047,0.037,0.04,0.079,0.045,0.155,0.082,0.095,0.066,0.084
117,116.425,39.895,0.08,0.031,0.058,0.103,0.061,0.017,0.033,0.096,0.093,0.061,0.122,0.067,0.097,0.082
118,116.435,39.895,0.119,0.066,0.059,0.061,0.089,0.061,0.05,0.052,0.073,0.04,0.101,0.084,0.08,0.065
119,116.445,39.895,0.091,0.028,0.051,0.14,0.095,0.0,0.019,0.101,0.058,0.068,0.143,0.039,0.08,0.086
120,116.455,39.895,0.045,0.162,0.05,0.068,0.042,0.0,0.044,0.096,0.056,0.085,0.096,0.058,0.093,0.103
121,116.465,39.895,0.045,0.117,0.052,0.061,0.059,0.011,0.056,0.125,0.078,0.058,0.124,0.113,0.04,0.062
122,116.475,39.895,0.036,0.193,0.036,0.061,0.03,0.003,0.095,0.081,0.048,0.112,0.091,0.052,0.039,0.122
123,116.485,39.895,0.046,0.061,0.083,0.088,0.063,0.019,0.067,0.1,0.054,0.053,0.068,0.089,0.083,0.125
124,116.495,39.895,0.05,0.153,0.035,0.099,0.057,0.01,0.037,0.116,0.052,0.068,0.103,0.1,0.056,0.064
125,116.255,39.905,0.057,0.075,0.057,0.161,0.052,0.026,0.037,0.067,0.09,0.072,0.07,0.1,0.066,0.07
126,116.265,39.905,0.051,0.049,0.017,0.132,0.066,0.034,0.008,0.027,0.032,0.045,0.023,0.442,0.023,0.051
127,116.275,39.905,0.034,0.224,0.009,0.11,0.019,0.03,0.082,0.093,0.035,0.04,0.135,0.044,0.043,0.101
128,116.285,39.905,0.064,0.051,0.047,0.103,0.138,0.0,0.034,0.061,0.075,0.04,0.032,0.171,0.127,0.058
129,116.295,39.905,0.049,0.072,0.022,0.084,0.067,0.0,0.053,0.095,0.062,0.228,0.073,0.043,0.084,0.068
130,116.305,39.905,0.098,0.051,0.036,0.079,0.091,0.031,0.045,0.042,0.05,0.192,0.021,0.03,0.144,0.089
131,116.315,39.905,0.116,0.025,0.078,0.031,0.13,0.045,0.082,0.054,0.126,0.03,0.016,0.095,0.116,0.057
132,116.325,39.905,0.102,0.043,0.038,0.088,0.101,0.026,0.029,0.067,0.085,0.045,0.018,0.094,0.196,0.068
133,116.335,39.905,0.096,0.106,0.031,0.118,0.084,0.097,0.007,0.073,0.066,0.11,0.033,0.057,0.06,0.061
134,116.345,39.905,0.107,0.046,0.049,0.059,0.116,0.008,0.03,0.063,0.06,0.087,0.058,0.103,0.151,0.061
135,116.355,39.905,0.114,0.007,0.062,0.03,0.095,0.058,0.032,0.052,0.041,0.05,0.088,0.017,0.316,0.036
136,116.365,39.905,0.061,0.063,0.028,0.026,0.069,0.062,0.032,0.059,0.036,0.258,0.052,0.049,0.1,0.106
137,116.375,39.905,0.083,0.071,0.028,0.091,0.092,0.103,0.028,0.111,0.051,0.06,0.027,0.142,0.053,0.059
138,116.385,39.905,0.035,0.089,0.011,0.008,0.047,0.59,0.044,0.048,0.036,0.014,0.0,0.053,0.01,0.014
139,116.395,39.905,0.049,0.082,0.014,0.0,0.013,0.602,0.0,0.049,0.04,0.026,0.0,0.081,0.013,0.031
140,116.405,39.905,0.065,0.039,0.056,0.07,0.078,0.089,0.043,0.041,0.036,0.131,0.029,0.154,0.089,0.08
141,116.415,39.905,0.103,0.041,0.054,0.071,0.048,0.031,0.031,0.056,0.046,0.038,0.047,0.23,0.16,0.045
142,116.425,39.905,0.102,0.047,0.111,0.025,0.056,0.1,0.041,0.041,0.033,0.025,0.029,0.161,0.168,0.06
143,116.435,39.905,0.066,0.055,0.126,0.042,0.083,0.025,0.054,0.059,0.043,0.026,0.065,0.138,0.148,0.068
144,116.445,39.905,0.045,0.092,0.116,0.058,0.047,0.03,0.036,0.063,0.068,0.057,0.102,0.045,0.163,0.077
145,116.455,39.905,0.04,0.04,0.117,0.052,0.046,0.033,0.058,0.085,0.075,0.094,0.066,0.048,0.156,0.089
146,116.465,39.905,0.035,0.078,0.114,0.087,0.064,0.016,0.071,0.092,0.061,0.057,0.084,0.046,0.101,0.094
147,116.475,39.905,0.033,0.057,0.09,0.044,0.043,0.0,0.091,0.083,0.049,0.178,0.074,0.034,0.136,0.087
148,116.485,39.905,0.079,0.061,0.084,0.022,0.095,0.0,0.162,0.083,0.067,0.045,0.077,0.085,0.038,0.102
149,116.495,39.905,0.066,0.043,0.117,0.077,0.064,0.013,0.095,0.095,0.108,0.035,0.099,0.085,0.04,0.062
150,116.255,39.915,0.081,0.033,0.051,0.094,0.107,0.03,0.108,0.099,0.035,0.06,0.052,0.097,0.046,0.106
151,116.265,39.915,0.103,0.087,0.084,0.094,0.115,0.08,0.115,0.044,0.057,0.053,0.018,0.086,0.054,0.01
152,116.275,39.915,0.093,0.099,0.043,0.103,0.077,0.02,0.051,0.087,0.036,0.087,0.076,0.039,0.14,0.049
153,116.285,39.915,0.132,0.15,0.043,0.046,0.135,0.02,0.028,0.067,0.042,0.039,0.081,0.139,0.03,0.049
154,116.295,39.915,0.061,0.075,0.018,0.121,0.052,0.009,0.08,0.103,0.072,0.095,0.129,0.039,0.044,0.103
155,116.305,39.915,0.052,0.057,0.041,0.082,0.071,0.402,0.038,0.045,0.041,0.058,0.024,0.045,0.018,0.025
156,116.315,39.915,0.048,0.101,0.016,0.009,0.035,0.625,0.017,0.019,0.033,0.003,0.079,0.015,0.0,0.0
157,116.325,39.915,0.1,0.038,0.043,0.0,0.116,0.21,0.05,0.033,0.05,0.017,0.0,0.249,0.072,0.023
158,116.335,39.915,0.09,0.055,0.053,0.09,0.099,0.0,0.042,0.055,0.068,0.045,0.094,0.079,0.166,0.063
159,116.345,39.915,0.072,0.031,0.041,0.123,0.108,0.078,0.005,0.089,0.046,0.025,0.039,0.18,0.11,0.053
160,116.355,39.915,0.089,0.017,0.053,0.043,0.078,0.023,0.07,0.049,0.019,0.052,0.04,0.02,0.399,0.047
161,116.365,39.915,0.069,0.034,0.029,0.07,0.062,0.025,0.04,0.076,0.023,0.228,0.064,0.06,0.111,0.109
162,116.375,39.915,0.094,0.032,0.044,0.046,0.135,0.147,0.021,0.082,0.053,0.032,0.04,0.133,0.09,0.051
163,116.385,39.915,0.007,0.014,0.0,0.0,0.0,0.929,0.0,0.015,0.021,0.006,0.0,0.0,0.0,0.007
164,116.395,39.915,0.011,0.011,0.006,0.032,0.024,0.765,0.0,0.026,0.031,0.017,0.007,0.049,0.008,0.014
165,116.405,39.915,0.042,0.087,0.035,0.066,0.056,0.025,0.039,0.072,0.046,0.191,0.047,0.133,0.057,0.104
166,116.415,39.915,0.053,0.077,0.039,0.137,0.065,0.066,0.058,0.092,0.057,0.062,0.031,0.138,0.057,0.068
167,116.425,39.915,0.064,0.039,0.108,0.08,0.084,0.046,0.044,0.088,0.061,0.057,0.056,0.07,0.131,0.071
168,116.435,39.915,0.073,0.11,0.07,0.096,0.064,0.053,0.042,0.073,0.034,0.099,0.091,0.059,0.038,0.097
169,116.445,39.915,0.031,0.155,0.08,0.08,0.047,0.01,0.04,0.096,0.073,0.076,0.096,0.026,0.089,0.102
170,116.455,39.915,0.045,0.101,0.11,0.055,0.055,0.006,0.046,0.055,0.03,0.07,0.059,0.045,0.25,0.072
171,116.465,39.915,0.06,0.057,0.116,0.059,0.102,0.013,0.061,0.079,0.093,0.041,0.072,0.051,0.134,0.063
172,116.475,39.915,0.047,0.077,0.097,0.108,0.082,0.006,0.037,0.102,0.043,0.078,0.061,0.095,0.056,0.111
173,116.485,39.915,0.041,0.061,0.208,0.055,0.052,0.028,0.067,0.07,0.069,0.045,0.074,0.027,0.115,0.088
174,116.495,39.915,0.053,0.049,0.094,0.044,0.068,0.007,0.037,0.12,0.086,0.078,0.102,0.058,0.046,0.158
175,116.255,39.925,0.075,0.074,0.046,0.168,0.092,0.045,0.114,0.088,0.032,0.055,0.085,0.022,0.064,0.041
176,116.265,39.925,0.105,0.063,0.039,0.068,0.059,0.038,0.291,0.07,0.021,0.071,0.053,0.037,0.0,0.085
177,116.275,39.925,0.081,0.033,0.1,0.103,0.113,0.03,0.08,0.087,0.052,0.173,0.035,0.026,0.031,0.056
178,116.285,39.925,0.091,0.107,0.055,0.11,0.065,0.098,0.009,0.052,0.059,0.022,0.067,0.111,0.1,0.055
179,116.295,39.925,0.085,0.034,0.065,0.211,0.116,0.01,0.075,0.05,0.08,0.03,0.014,0.107,0.064,0.057
180,116.305,39.925,0.083,0.011,0.104,0.048,0.085,0.0,0.08,0.044,0.163,0.033,0.07,0.046,0.156,0.077
181,116.315,39.925,0.101,0.047,0.031,0.196,0.101,0.032,0.054,0.079,0.074,0.05,0.073,0.034,0.049,0.079
182,116.325,39.925,0.109,0.011,0.086,0.051,0.122,0.03,0.05,0.075,0.076,0.078,0.061,0.077,0.112,0.064
183,116.335,39.925,0.089,0.029,0.067,0.065,0.141,0.0,0.082,0.056,0.103,0.043,0.048,0.108,0.135,0.034
184,116.345,39.925,0.07,0.018,0.09,0.107,0.087,0.044,0.043,0.046,0.067,0.036,0.037,0.149,0.154,0.052
185,116.355,39.925,0.082,0.016,0.063,0.063,0.099,0.087,0.063,0.084,0.053,0.057,0.055,0.066,0.146,0.068
186,116.365,39.925,0.042,0.032,0.048,0.059,0.076,0.216,0.026,0.078,0.057,0.09,0.025,0.149,0.022,0.079
187,116.375,39.925,0.094,0.013,0.035,0.159,0.091,0.246,0.053,0.045,0.073,0.039,0.008,0.072,0.025,0.046
188,116.385,39.925,0.025,0.029,0.0,0.0,0.018,0.824,0.026,0.022,0.014,0.012,0.012,0.006,0.0,0.011
189,116.395,39.925,0.03,0.038,0.018,0.025,0.05,0.583,0.015,0.064,0.059,0.017,0.005,0.068,0.007,0.019
190,116.405,39.925,0.083,0.133,0.051,0.068,0.107,0.096,0.006,0.093,0.098,0.045,0.042,0.101,0.013,0.063
191,116.415,39.925,0.058,0.089,0.049,0.049,0.073,0.094,0.027,0.092,0.058,0.07,0.026,0.17,0.074,0.071
192,116.425,39.925,0.099,0.033,0.066,0.143,0.081,0.048,0.013,0.068,0.033,0.051,0.078,0.058,0.178,0.053
193,116.435,39.925,0.078,0.132,0.087,0.056,0.07,0.067,0.023,0.06,0.043,0.046,0.085,0.049,0.107,0.098
194,116.445,39.925,0.08,0.093,0.075,0.162,0.055,0.005,0.065,0.053,0.037,0.046,0.058,0.104,0.097,0.071
195,116.455,39.925,0.075,0.074,0.114,0.049,0.079,0.072,0.032,0.052,0.064,0.032,0.059,0.105,0.129,0.064
196,116.465,39.925,0.121,0.027,0.056,0.124,0.077,0.017,0.066,0.095,0.063,0.063,0.063,0.07,0.064,0.093
197,116.475,39.925,0.086,0.064,0.037,0.134,0.085,0.0,0.03,0.115,0.067,0.064,0.057,0.081,0.06,0.12
198,116.485,39.925,0.063,0.1,0.036,0.06,0.039,0.29,0.066,0.05,0.055,0.042,0.105,0.04,0.008,0.048
199,116.495,39.925,0.07,0.124,0.053,0.091,0.064,0.013,0.045,0.115,0.047,0.054,0.091,0.082,0.039,0.112
200,116.255,39.935,0.057,0.22,0.11,0.039,0.154,0.0,0.145,0.094,0.054,0.028,0.069,0.0,0.0,0.029
201,116.265,39.935,0.106,0.0,0.087,0.079,0.089,0.018,0.237,0.068,0.072,0.036,0.038,0.059,0.047,0.065
202,116.275,39.935,0.102,0.029,0.157,0.088,0.131,0.0,0.085,0.072,0.078,0.045,0.063,0.034,0.054,0.063
203,116.285,39.935,0.139,0.0,0.079,0.077,0.087,0.036,0.091,0.098,0.055,0.043,0.074,0.058,0.12,0.043
204,116.295,39.935,0.123,0.026,0.052,0.07,0.153,0.024,0.043,0.078,0.041,0.032,0.148,0.108,0.055,0.047
205,116.305,39.935,0.078,0.029,0.112,0.079,0.116,0.018,0.063,0.061,0.155,0.025,0.024,0.051,0.108,0.081
206,116.315,39.935,0.081,0.038,0.083,0.044,0.121,0.155,0.174,0.042,0.034,0.021,0.041,0.045,0.08,0.041
207,116.325,39.935,0.109,0.043,0.07,0.046,0.095,0.109,0.051,0.036,0.064,0.025,0.102,0.066,0.148,0.037
208,116.335,39.935,0.111,0.071,0.047,0.047,0.087,0.259,0.02,0.034,0.093,0.022,0.019,0.078,0.071,0.04
209,116.345,39.935,0.096,0.007,0.099,0.129,0.092,0.0,0.04,0.08,0.071,0.066,0.03,0.04,0.178,0.072
210,116.355,39.935,0.103,0.047,0.081,0.069,0.091,0.043,0.051,0.057,0.121,0.032,0.054,0.087,0.113,0.052
211,116.365,39.935,0.06,0.052,0.035,0.09,0.071,0.109,0.039,0.055,0.057,0.113,0.037,0.145,0.045,0.091
212,116.375,39.935,0.026,0.015,0.008,0.097,0.072,0.437,0.03,0.068,0.039,0.043,0.015,0.078,0.033,0.041
213,116.385,39.935,0.02,0.198,0.009,0.024,0.035,0.453,0.007,0.034,0.019,0.04,0.033,0.04,0.015,0.073
214,116.395,39.935,0.028,0.092,0.015,0.028,0.043,0.27,0.009,0.071,0.052,0.085,0.012,0.14,0.012,0.142
215,116.405,39.935,0.055,0.086,0.04,0.126,0.091,0.163,0.004,0.084,0.062,0.055,0.025,0.106,0.04,0.063
216,116.415,39.935,0.045,0.079,0.051,0.075,0.084,0.072,0.005,0.127,0.058,0.078,0.027,0.119,0.037,0.142
217,116.425,39.935,0.07,0.059,0.103,0.082,0.066,0.008,0.062,0.067,0.058,0.064,0.093,0.043,0.155,0.07
218,116.435,39.935,0.063,0.212,0.057,0.052,0.067,0.011,0.044,0.079,0.052,0.033,0.116,0.081,0.064,0.069
219,116.445,39.935,0.035,0.247,0.029,0.057,0.043,0.005,0.063,0.086,0.036,0.1,0.101,0.063,0.036,0.1
220,116.455,39.935,0.078,0.163,0.073,0.078,0.085,0.008,0.042,0.035,0.055,0.038,0.063,0.086,0.085,0.112
221,116.465,39.935,0.089,0.043,0.078,0.093,0.091,0.109,0.036,0.05,0.078,0.022,0.123,0.058,0.077,0.052
222,116.475,39.935,0.055,0.272,0.038,0.034,0.024,0.239,0.028,0.049,0.022,0.041,0.138,0.0,0.02,0.041
223,116.485,39.935,0.119,0.019,0.031,0.028,0.054,0.141,0.191,0.06,0.028,0.016,0.218,0.023,0.054,0.015
224,116.495,39.935,0.124,0.115,0.029,0.082,0.07,0.013,0.038,0.079,0.054,0.043,0.09,0.085,0.121,0.058
225,116.255,39.945,0.033,0.042,0.06,0.022,0.02,0.019,0.579,0.053,0.021,0.034,0.052,0.0,0.02,0.046
226,116.265,39.945,0.072,0.061,0.036,0.029,0.057,0.0,0.094,0.075,0.043,0.305,0.103,0.024,0.067,0.032
227,116.275,39.945,0.102,0.034,0.141,0.079,0.096,0.047,0.18,0.056,0.059,0.033,0.054,0.03,0.04,0.049
228,116.285,39.945,0.098,0.043,0.116,0.088,0.088,0.027,0.067,0.056,0.102,0.036,0.091,0.009,0.116,0.062
229,116.295,39.945,0.07,0.073,0.095,0.083,0.122,0.033,0.04,0.066,0.092,0.065,0.076,0.029,0.109,0.047
230,116.305,39.945,0.081,0.033,0.061,0.082,0.087,0.16,0.014,0.058,0.127,0.063,0.068,0.058,0.046,0.062
231,116.315,39.945,0.062,0.029,0.042,0.035,0.086,0.3,0.019,0.032,0.114,0.029,0.055,0.057,0.091,0.051
232,116.325,39.945,0.036,0.013,0.012,0.024,0.071,0.568,0.017,0.05,0.076,0.019,0.041,0.031,0.025,0.017
233,116.335,39.945,0.053,0.033,0.034,0.053,0.065,0.338,0.038,0.039,0.121,0.033,0.046,0.073,0.042,0.031
234,116.345,39.945,0.057,0.05,0.075,0.056,0.1,0.03,0.103,0.067,0.087,0.063,0.084,0.056,0.102,0.07
235,116.355,39.945,0.117,0.086,0.056,0.054,0.168,0.029,0.064,0.061,0.037,0.032,0.074,0.083,0.096,0.044
236,116.365,39.945,0.053,0.059,0.031,0.118,0.045,0.087,0.034,0.082,0.043,0.179,0.046,0.082,0.055,0.087
237,116.375,39.945,0.035,0.075,0.026,0.046,0.083,0.315,0.043,0.06,0.044,0.047,0.041,0.102,0.03,0.053
238,116.385,39.945,0.036,0.125,0.034,0.041,0.107,0.219,0.021,0.055,0.056,0.027,0.026,0.13,0.044,0.08
239,116.395,39.945,0.041,0.177,0.034,0.057,0.111,0.094,0.018,0.099,0.041,0.036,0.035,0.194,0.018,0.043
240,116.405,39.945,0.041,0.129,0.024,0.059,0.044,0.269,0.023,0.081,0.047,0.073,0.037,0.084,0.006,0.084
241,116.415,39.945,0.056,0.067,0.089,0.04,0.099,0.234,0.007,0.067,0.067,0.038,0.035,0.049,0.078,0.074
242,116.425,39.945,0.119,0.073,0.062,0.059,0.167,0.067,0.012,0.068,0.078,0.052,0.035,0.054,0.052,0.103
243,116.435,39.945,0.092,0.128,0.058,0.046,0.111,0.032,0.069,0.066,0.068,0.037,0.066,0.124,0.06,0.044
244,116.445,39.945,0.104,0.109,0.117,0.049,0.068,0.008,0.048,0.071,0.067,0.04,0.034,0.065,0.128,0.091
245,116.455,39.945,0.093,0.095,0.094,0.052,0.056,0.016,0.051,0.05,0.027,0.089,0.065,0.061,0.174,0.077
246,116.465,39.945,0.073,0.099,0.029,0.063,0.064,0.016,0.115,0.071,0.045,0.103,0.081,0.048,0.063,0.129
247,116.475,39.945,0.013,0.121,0.01,0.027,0.004,0.305,0.07,0.046,0.062,0.115,0.181,0.0,0.0,0.046
248,116.485,39.945,0.064,0.0,0.06,0.0,0.016,0.125,0.406,0.084,0.022,0.009,0.214,0.0,0.0,0.0
249,116.495,39.945,0.085,0.117,0.058,0.125,0.164,0.107,0.077,0.077,0.096,0.015,0.0,0.069,0.0,0.01
250,116.255,39.955,0.081,0.097,0.049,0.035,0.068,0.178,0.128,0.101,0.032,0.073,0.0,0.115,0.0,0.043
251,116.265,39.955,0.136,0.031,0.127,0.191,0.069,0.014,0.093,0.065,0.056,0.038,0.049,0.009,0.066,0.055
252,116.275,39.955,0.123,0.045,0.073,0.094,0.042,0.014,0.074,0.07,0.06,0.091,0.113,0.049,0.092,0.059
253,116.285,39.955,0.064,0.123,0.047,0.074,0.027,0.012,0.047,0.084,0.062,0.246,0.09,0.01,0.034,0.081
254,116.295,39.955,0.082,0.063,0.123,0.085,0.122,0.014,0.021,0.058,0.116,0.029,0.089,0.047,0.111,0.04
255,116.305,39.955,0.06,0.041,0.068,0.033,0.16,0.037,0.013,0.076,0.224,0.04,0.109,0.036,0.053,0.051
256,116.315,39.955,0.057,0.067,0.145,0.055,0.051,0.011,0.032,0.055,0.221,0.025,0.058,0.047,0.097,0.077
257,116.325,39.955,0.085,0.041,0.115,0.077,0.096,0.028,0.02,0.077,0.131,0.054,0.045,0.067,0.092,0.07
258,116.335,39.955,0.065,0.073,0.027,0.049,0.079,0.025,0.072,0.053,0.114,0.049,0.103,0.049,0.09,0.152
259,116.345,39.955,0.071,0.062,0.058,0.103,0.086,0.0,0.068,0.076,0.084,0.056,0.11,0.11,0.039,0.079
260,116.355,39.955,0.055,0.067,0.051,0.054,0.119,0.0,0.025,0.084,0.11,0.076,0.117,0.089,0.046,0.11
261,116.365,39.955,0.103,0.03,0.064,0.147,0.133,0.055,0.02,0.065,0.198,0.031,0.031,0.053,0.028,0.041
262,116.375,39.955,0.097,0.023,0.148,0.124,0.097,0.041,0.035,0.047,0.059,0.023,0.028,0.071,0.173,0.034
263,116.385,39.955,0.124,0.028,0.119,0.071,0.122,0.0,0.103,0.072,0.097,0.043,0.018,0.092,0.08,0.03
264,116.395,39.955,0.086,0.052,0.074,0.047,0.116,0.072,0.052,0.062,0.036,0.022,0.181,0.124,0.037,0.04
265,116.405,39.955,0.082,0.068,0.069,0.103,0.079,0.085,0.05,0.054,0.065,0.03,0.112,0.045,0.111,0.047
266,116.415,39.955,0.076,0.082,0.08,0.071,0.082,0.045,0.07,0.061,0.078,0.041,0.082,0.068,0.085,0.078
267,116.425,39.955,0.094,0.038,0.149,0.078,0.149,0.035,0.019,0.057,0.097,0.038,0.078,0.051,0.076,0.042
268,116.435,39.955,0.084,0.073,0.075,0.066,0.088,0.0,0.044,0.099,0.067,0.064,0.051,0.122,0.062,0.106
269,116.445,39.955,0.064,0.041,0.098,0.066,0.055,0.047,0.108,0.076,0.062,0.043,0.051,0.079,0.149,0.061
270,116.455,39.955,0.087,0.025,0.152,0.088,0.076,0.0,0.059,0.067,0.031,0.034,0.047,0.077,0.143,0.115
271,116.465,39.955,0.097,0.09,0.173,0.046,0.096,0.0,0.059,0.051,0.053,0.035,0.065,0.031,0.109,0.096
272,116.475,39.955,0.077,0.137,0.075,0.049,0.026,0.05,0.253,0.06,0.045,0.107,0.034,0.049,0.013,0.026
273,116.485,39.955,0.088,0.109,0.072,0.078,0.047,0.071,0.174,0.081,0.018,0.06,0.039,0.037,0.058,0.069
274,116.495,39.955,0.074,0.058,0.072,0.119,0.098,0.0,0.152,0.09,0.064,0.047,0.1,0.051,0.047,0.029
275,116.255,39.965,0.063,0.0,0.151,0.0,0.141,0.0,0.398,0.171,0.0,0.076,0.0,0.0,0.0,0.0
276,116.265,39.965,0.07,0.168,0.014,0.06,0.078,0.0,0.258,0.037,0.091,0.018,0.105,0.066,0.0,0.034
277,116.275,39.965,0.107,0.061,0.031,0.176,0.062,0.112,0.068,0.091,0.067,0.049,0.051,0.049,0.058,0.018
278,116.285,39.965,0.152,0.049,0.053,0.129,0.057,0.06,0.043,0.054,0.081,0.04,0.124,0.01,0.115,0.032
279,116.295,39.965,0.088,0.025,0.048,0.101,0.091,0.0,0.06,0.08,0.081,0.047,0.151,0.069,0.121,0.038
280,116.305,39.965,0.071,0.043,0.051,0.04,0.088,0.047,0.09,0.06,0.166,0.04,0.08,0.066,0.076,0.083
281,116.315,39.965,0.044,0.055,0.079,0.072,0.058,0.018,0.033,0.077,0.109,0.16,0.054,0.054,0.097,0.09
282,116.325,39.965,0.085,0.041,0.101,0.07,0.101,0.019,0.061,0.056,0.144,0.105,0.019,0.061,0.068,0.068
283,116.335,39.965,0.073,0.017,0.127,0.034,0.072,0.032,0.052,0.074,0.073,0.19,0.044,0.067,0.025,0.119
284,116.345,39.965,0.062,0.08,0.048,0.058,0.124,0.029,0.042,0.075,0.15,0.06,0.131,0.086,0.015,0.038
285,116.355,39.965,0.077,0.156,0.05,0.005,0.136,0.039,0.028,0.048,0.227,0.031,0.062,0.042,0.013,0.087
286,116.365,39.965,0.087,0.092,0.069,0.074,0.108,0.038,0.047,0.056,0.067,0.053,0.064,0.067,0.111,0.066
287,116.375,39.965,0.08,0.044,0.13,0.059,0.077,0.035,0.021,0.068,0.097,0.083,0.1,0.041,0.098,0.067
288,116.385,39.965,0.102,0.079,0.063,0.092,0.099,0.045,0.084,0.056,0.073,0.038,0.08,0.041,0.088,0.061
289,116.395,39.965,0.089,0.089,0.069,0.064,0.074,0.0,0.064,0.071,0.091,0.045,0.025,0.182,0.076,0.062
290,116.405,39.965,0.073,0.054,0.134,0.073,0.09,0.011,0.063,0.06,0.055,0.045,0.049,0.074,0.137,0.084
291,116.415,39.965,0.083,0.057,0.059,0.073,0.088,0.015,0.032,0.084,0.087,0.095,0.041,0.145,0.061,0.078
292,116.425,39.965,0.082,0.075,0.069,0.067,0.097,0.023,0.05,0.06,0.1,0.04,0.094,0.096,0.059,0.087
293,116.435,39.965,0.078,0.088,0.058,0.095,0.076,0.036,0.045,0.074,0.058,0.052,0.068,0.081,0.115,0.077
294,116.445,39.965,0.06,0.079,0.089,0.109,0.069,0.007,0.029,0.087,0.085,0.068,0.095,0.03,0.115,0.079
295,116.455,39.965,0.069,0.073,0.09,0.052,0.041,0.04,0.125,0.058,0.045,0.073,0.083,0.087,0.082,0.082
296,116.465,39.965,0.093,0.059,0.074,0.021,0.111,0.108,0.273,0.106,0.01,0.037,0.0,0.035,0.0,0.072
297,116.475,39.965,0.066,0.111,0.042,0.085,0.071,0.029,0.084,0.131,0.057,0.056,0.19,0.028,0.03,0.019
298,116.485,39.965,0.04,0.077,0.045,0.102,0.058,0.008,0.108,0.101,0.048,0.142,0.032,0.086,0.028,0.124
299,116.495,39.965,0.054,0.139,0.079,0.068,0.071,0.012,0.042,0.079,0.045,0.067,0.095,0.03,0.047,0.173
300,116.255,39.975,0.094,0.128,0.166,0.23,0.11,0.039,0.085,0.041,0.042,0.005,0.0,0.0,0.04,0.019
301,116.265,39.975,0.0,0.0,0.246,0.0,0.229,0.299,0.0,0.031,0.0,0.0,0.0,0.194,0.0,0.0
302,116.275,39.975,0.205,0.0,0.067,0.0,0.042,0.326,0.118,0.101,0.088,0.022,0.0,0.0,0.0,0.031
303,116.285,39.975,0.064,0.226,0.011,0.056,0.016,0.016,0.08,0.069,0.063,0.177,0.087,0.0,0.0,0.135
304,116.295,39.975,0.077,0.061,0.111,0.152,0.122,0.0,0.072,0.082,0.064,0.027,0.038,0.065,0.08,0.049
305,116.305,39.975,0.06,0.089,0.103,0.038,0.058,0.027,0.041,0.077,0.093,0.074,0.075,0.078,0.098,0.089
306,116.315,39.975,0.082,0.079,0.167,0.096,0.071,0.011,0.04,0.062,0.114,0.053,0.046,0.011,0.1,0.071
307,116.325,39.975,0.13,0.013,0.114,0.081,0.141,0.0,0.116,0.067,0.07,0.044,0.047,0.052,0.083,0.042
308,116.335,39.975,0.098,0.047,0.18,0.051,0.068,0.0,0.083,0.056,0.08,0.026,0.114,0.07,0.048,0.079
309,116.345,39.975,0.054,0.023,0.08,0.029,0.037,0.021,0.03,0.083,0.42,0.014,0.071,0.02,0.093,0.026
310,116.355,39.975,0.07,0.045,0.078,0.084,0.108,0.05,0.024,0.069,0.07,0.065,0.057,0.199,0.004,0.077
311,116.365,39.975,0.079,0.043,0.08,0.098,0.1,0.033,0.019,0.08,0.041,0.134,0.05,0.069,0.078,0.097
312,116.375,39.975,0.107,0.045,0.108,0.048,0.113,0.025,0.124,0.052,0.066,0.043,0.039,0.059,0.076,0.095
313,116.385,39.975,0.079,0.04,0.037,0.06,0.079,0.281,0.104,0.037,0.047,0.054,0.075,0.047,0.028,0.034
314,116.395,39.975,0.056,0.069,0.043,0.094,0.045,0.042,0.053,0.089,0.041,0.025,0.036,0.251,0.097,0.058
315,116.405,39.975,0.082,0.034,0.13,0.079,0.104,0.054,0.05,0.061,0.057,0.044,0.074,0.03,0.143,0.058
316,116.415,39.975,0.094,0.045,0.095,0.097,0.069,0.055,0.015,0.066,0.144,0.036,0.047,0.058,0.095,0.082
317,116.425,39.975,0.061,0.038,0.04,0.074,0.127,0.052,0.062,0.06,0.172,0.033,0.106,0.067,0.053,0.054
318,116.435,39.975,0.217,0.022,0.03,0.132,0.096,0.02,0.086,0.098,0.064,0.027,0.041,0.064,0.081,0.023
319,116.445,39.975,0.061,0.12,0.038,0.036,0.042,0.037,0.185,0.087,0.066,0.071,0.076,0.024,0.038,0.121
320,116.455,39.975,0.074,0.088,0.022,0.025,0.07,0.032,0.175,0.073,0.055,0.069,0.211,0.01,0.017,0.079
321,116.465,39.975,0.039,0.078,0.047,0.028,0.047,0.086,0.402,0.047,0.072,0.033,0.029,0.019,0.029,0.044
322,116.475,39.975,0.075,0.168,0.053,0.091,0.054,0.056,0.056,0.058,0.045,0.051,0.072,0.073,0.047,0.102
323,116.485,39.975,0.088,0.089,0.159,0.044,0.116,0.0,0.045,0.045,0.044,0.044,0.047,0.057,0.106,0.118
324,116.495,39.975,0.064,0.029,0.261,0.021,0.097,0.009,0.143,0.053,0.058,0.03,0.124,0.035,0.005,0.071
325,116.255,39.985,0.097,0.0,0.018,0.0,0.033,0.786,0.0,0.054,0.012,0.0,0.0,0.0,0.0,0.0
326,116.265,39.985,0.0,0.0,0.0,0.0,0.0,0.955,0.0,0.037,0.0,0.008,0.0,0.0,0.0,0.0
327,116.275,39.985,0.051,0.0,0.012,0.035,0.045,0.708,0.0,0.073,0.047,0.012,0.0,0.0,0.0,0.017
328,116.285,39.985,0.085,0.0,0.017,0.032,0.032,0.454,0.149,0.017,0.096,0.0,0.113,0.0,0.0,0.004
329,116.295,39.985,0.11,0.058,0.129,0.034,0.079,0.064,0.008,0.048,0.109,0.048,0.11,0.069,0.093,0.041
330,116.305,39.985,0.066,0.045,0.162,0.026,0.077,0.037,0.065,0.04,0.143,0.026,0.087,0.027,0.165,0.034
331,116.315,39.985,0.09,0.009,0.133,0.079,0.086,0.0,0.055,0.061,0.16,0.087,0.035,0.06,0.074,0.071
332,116.325,39.985,0.071,0.076,0.17,0.043,0.077,0.006,0.071,0.048,0.123,0.023,0.103,0.056,0.065,0.071
333,116.335,39.985,0.042,0.155,0.028,0.044,0.106,0.019,0.088,0.075,0.125,0.04,0.091,0.073,0.039,0.075
334,116.345,39.985,0.049,0.029,0.114,0.032,0.044,0.135,0.052,0.022,0.383,0.008,0.037,0.029,0.046,0.02
335,116.355,39.985,0.057,0.047,0.059,0.27,0.086,0.014,0.021,0.082,0.168,0.031,0.069,0.014,0.055,0.027
336,116.365,39.985,0.134,0.056,0.124,0.113,0.091,0.017,0.0,0.081,0.067,0.034,0.058,0.055,0.122,0.047
337,116.375,39.985,0.081,0.051,0.047,0.086,0.12,0.016,0.091,0.096,0.073,0.033,0.108,0.081,0.024,0.092
338,116.385,39.985,0.046,0.042,0.032,0.026,0.022,0.549,0.062,0.037,0.028,0.033,0.053,0.012,0.025,0.033
339,116.395,39.985,0.089,0.046,0.075,0.033,0.032,0.0,0.061,0.038,0.071,0.014,0.416,0.027,0.087,0.011
340,116.405,39.985,0.09,0.039,0.112,0.076,0.088,0.009,0.064,0.055,0.101,0.044,0.054,0.08,0.095,0.094
341,116.415,39.985,0.095,0.056,0.064,0.078,0.079,0.006,0.056,0.071,0.097,0.105,0.075,0.042,0.079,0.098
342,116.425,39.985,0.049,0.085,0.074,0.077,0.058,0.008,0.017,0.101,0.109,0.216,0.07,0.03,0.028,0.077
343,116.435,39.985,0.092,0.028,0.048,0.049,0.052,0.076,0.073,0.076,0.036,0.236,0.017,0.114,0.026,0.077
344,116.445,39.985,0.048,0.023,0.037,0.049,0.048,0.084,0.514,0.02,0.071,0.023,0.072,0.0,0.0,0.01
345,116.455,39.985,0.083,0.079,0.089,0.038,0.052,0.036,0.209,0.067,0.121,0.041,0.066,0.016,0.068,0.035
346,116.465,39.985,0.089,0.045,0.063,0.15,0.073,0.008,0.106,0.097,0.08,0.049,0.022,0.069,0.075,0.073
347,116.475,39.985,0.054,0.122,0.077,0.037,0.05,0.008,0.04,0.07,0.065,0.073,0.09,0.124,0.053,0.136
348,116.485,39.985,0.049,0.096,0.123,0.04,0.046,0.046,0.017,0.061,0.173,0.101,0.054,0.048,0.021,0.125
349,116.495,39.985,0.037,0.053,0.134,0.013,0.1,0.073,0.059,0.043,0.212,0.062,0.084,0.026,0.021,0.082
350,116.255,39.995,0.033,0.052,0.02,0.0,0.037,0.668,0.034,0.015,0.068,0.0,0.033,0.031,0.0,0.009
351,116.265,39.995,0.004,0.0,0.0,0.0,0.0,0.955,0.0,0.01,0.002,0.015,0.008,0.0,0.0,0.007
352,116.275,39.995,0.026,0.026,0.002,0.0,0.006,0.824,0.035,0.025,0.017,0.013,0.017,0.0,0.0,0.008
353,116.285,39.995,0.073,0.068,0.014,0.219,0.063,0.083,0.075,0.036,0.074,0.038,0.0,0.067,0.064,0.125
354,116.295,39.995,0.052,0.081,0.014,0.012,0.083,0.251,0.064,0.059,0.143,0.045,0.041,0.105,0.015,0.037
355,116.305,39.995,0.083,0.034,0.026,0.012,0.05,0.312,0.037,0.012,0.352,0.005,0.05,0.013,0.005,0.008
356,116.315,39.995,0.061,0.038,0.035,0.059,0.112,0.127,0.025,0.079,0.182,0.038,0.04,0.03,0.124,0.053
357,116.325,39.995,0.069,0.091,0.101,0.027,0.073,0.01,0.049,0.072,0.206,0.029,0.039,0.067,0.104,0.062
358,116.335,39.995,0.055,0.15,0.076,0.059,0.072,0.041,0.044,0.07,0.077,0.074,0.052,0.089,0.014,0.128
359,116.345,39.995,0.054,0.101,0.083,0.036,0.061,0.038,0.033,0.052,0.283,0.025,0.047,0.055,0.059,0.071
360,116.355,39.995,0.099,0.076,0.116,0.02,0.089,0.035,0.062,0.057,0.229,0.029,0.036,0.067,0.027,0.058
361,116.365,39.995,0.061,0.136,0.034,0.073,0.111,0.062,0.124,0.073,0.036,0.042,0.053,0.081,0.072,0.042
362,116.375,39.995,0.08,0.012,0.122,0.168,0.096,0.033,0.079,0.06,0.083,0.019,0.045,0.071,0.079,0.052
363,116.385,39.995,0.05,0.162,0.02,0.027,0.018,0.114,0.025,0.063,0.056,0.135,0.144,0.023,0.036,0.127
364,116.395,39.995,0.099,0.075,0.053,0.027,0.061,0.057,0.041,0.066,0.061,0.049,0.031,0.236,0.076,0.069
365,116.405,39.995,0.077,0.072,0.062,0.073,0.077,0.016,0.02,0.092,0.086,0.069,0.087,0.071,0.082,0.116
366,116.415,39.995,0.066,0.045,0.121,0.095,0.06,0.0,0.067,0.098,0.08,0.045,0.095,0.073,0.076,0.079
367,116.425,39.995,0.108,0.0,0.062,0.071,0.107,0.015,0.151,0.076,0.078,0.076,0.062,0.058,0.062,0.075
368,116.435,39.995,0.091,0.062,0.047,0.067,0.073,0.0,0.287,0.006,0.01,0.125,0.234,0.0,0.0,0.0
369,116.445,39.995,0.092,0.044,0.06,0.141,0.02,0.1,0.101,0.075,0.129,0.043,0.11,0.0,0.01,0.075
370,116.455,39.995,0.086,0.057,0.026,0.085,0.054,0.0,0.043,0.089,0.121,0.07,0.139,0.078,0.069,0.083
371,116.465,39.995,0.055,0.084,0.053,0.082,0.036,0.02,0.052,0.106,0.072,0.084,0.108,0.076,0.06,0.112
372,116.475,39.995,0.036,0.176,0.09,0.076,0.028,0.006,0.049,0.097,0.06,0.051,0.11,0.079,0.036,0.105
373,116.485,39.995,0.05,0.051,0.122,0.077,0.083,0.058,0.067,0.078,0.031,0.029,0.151,0.008,0.119,0.076
374,116.495,39.995,0.039,0.116,0.099,0.008,0.114,0.021,0.015,0.077,0.121,0.079,0.131,0.055,0.011,0.115
375,116.255,40.005,0.075,0.143,0.0,0.051,0.117,0.065,0.047,0.095,0.094,0.022,0.0,0.127,0.101,0.063
376,116.265,40.005,0.076,0.0,0.064,0.0,0.05,0.506,0.056,0.048,0.028,0.107,0.0,0.05,0.0,0.015
377,116.275,40.005,0.057,0.0,0.028,0.058,0.128,0.177,0.021,0.095,0.095,0.091,0.081,0.115,0.0,0.054
378,116.285,40.005,0.01,0.0,0.004,0.005,0.014,0.866,0.0,0.017,0.01,0.003,0.029,0.018,0.021,0.003
379,116.295,40.005,0.0,0.0,0.0,0.009,0.006,0.931,0.0,0.031,0.008,0.009,0.0,0.0,0.0,0.007
380,116.305,40.005,0.024,0.023,0.006,0.025,0.005,0.803,0.0,0.037,0.008,0.006,0.0,0.027,0.022,0.014
381,116.315,40.005,0.046,0.027,0.003,0.029,0.054,0.361,0.0,0.024,0.319,0.015,0.086,0.008,0.006,0.021
382,116.325,40.005,0.044,0.017,0.017,0.006,0.083,0.062,0.011,0.031,0.42,0.006,0.245,0.0,0.032,0.025
383,116.335,40.005,0.099,0.045,0.054,0.032,0.116,0.0,0.015,0.041,0.236,0.024,0.113,0.12,0.063,0.041
384,116.345,40.005,0.085,0.062,0.075,0.076,0.105,0.0,0.035,0.077,0.139,0.091,0.078,0.047,0.046,0.086
385,116.355,40.005,0.068,0.0,0.047,0.135,0.144,0.0,0.045,0.058,0.229,0.039,0.107,0.061,0.016,0.051
386,116.365,40.005,0.059,0.052,0.038,0.053,0.058,0.016,0.063,0.049,0.066,0.225,0.103,0.077,0.073,0.069
387,116.375,40.005,0.098,0.016,0.026,0.041,0.038,0.104,0.086,0.051,0.112,0.019,0.265,0.038,0.061,0.044
388,116.385,40.005,0.024,0.1,0.042,0.048,0.031,0.213,0.11,0.076,0.027,0.18,0.042,0.02,0.031,0.055
389,116.395,40.005,0.108,0.134,0.064,0.043,0.047,0.037,0.044,0.097,0.055,0.047,0.059,0.072,0.139,0.053
390,116.405,40.005,0.064,0.08,0.103,0.097,0.048,0.0,0.098,0.077,0.074,0.05,0.093,0.048,0.101,0.067
391,116.415,40.005,0.095,0.041,0.044,0.022,0.062,0.019,0.394,0.045,0.04,0.017,0.078,0.098,0.019,0.027
392,116.425,40.005,0.092,0.088,0.093,0.0,0.123,0.04,0.0,0.108,0.093,0.066,0.165,0.078,0.0,0.054
393,116.435,40.005,0.189,0.0,0.101,0.0,0.188,0.0,0.0,0.019,0.066,0.025,0.378,0.0,0.0,0.035
394,116.445,40.005,0.047,0.091,0.023,0.0,0.106,0.414,0.06,0.077,0.015,0.046,0.114,0.0,0.0,0.008
395,116.455,40.005,0.104,0.057,0.035,0.066,0.059,0.052,0.023,0.088,0.1,0.06,0.151,0.02,0.102,0.082
396,116.465,40.005,0.086,0.148,0.052,0.071,0.036,0.006,0.028,0.088,0.084,0.062,0.132,0.044,0.055,0.11
397,116.475,40.005,0.162,0.077,0.084,0.096,0.112,0.0,0.088,0.087,0.05,0.034,0.072,0.011,0.072,0.055
398,116.485,40.005,0.095,0.0,0.152,0.031,0.076,0.094,0.079,0.071,0.053,0.026,0.15,0.03,0.096,0.048
399,116.495,40.005,0.019,0.0,0.051,0.036,0.065,0.047,0.302,0.115,0.042,0.085,0.032,0.03,0.036,0.14
400,116.255,40.015,0.0,0.0,0.043,0.0,0.081,0.317,0.0,0.131,0.17,0.065,0.0,0.0,0.162,0.03
401,116.265,40.015,0.109,0.034,0.017,0.163,0.039,0.015,0.011,0.097,0.069,0.124,0.095,0.05,0.055,0.12
402,116.275,40.015,0.065,0.045,0.076,0.072,0.094,0.02,0.089,0.059,0.154,0.042,0.169,0.013,0.084,0.018
403,116.285,40.015,0.05,0.08,0.045,0.014,0.084,0.184,0.132,0.072,0.02,0.053,0.076,0.095,0.038,0.056
404,116.295,40.015,0.005,0.0,0.017,0.0,0.043,0.93,0.0,0.004,0.0,0.0,0.0,0.0,0.0,0.0
405,116.305,40.015,0.03,0.055,0.011,0.0,0.021,0.45,0.012,0.026,0.051,0.022,0.194,0.119,0.0,0.01
406,116.315,40.015,0.141,0.064,0.008,0.011,0.09,0.176,0.0,0.049,0.137,0.056,0.201,0.019,0.0,0.048
407,116.325,40.015,0.087,0.0,0.052,0.0,0.146,0.095,0.0,0.098,0.102,0.0,0.261,0.123,0.0,0.036
408,116.335,40.015,0.083,0.028,0.021,0.061,0.06,0.156,0.075,0.091,0.079,0.053,0.125,0.034,0.08,0.055
409,116.345,40.015,0.063,0.121,0.141,0.058,0.094,0.0,0.08,0.08,0.03,0.035,0.051,0.131,0.038,0.078
410,116.355,40.015,0.096,0.042,0.032,0.03,0.064,0.019,0.595,0.034,0.01,0.015,0.0,0.012,0.049,0.002
411,116.365,40.015,0.109,0.0,0.032,0.067,0.068,0.016,0.202,0.081,0.078,0.047,0.182,0.0,0.08,0.039
412,116.375,40.015,0.008,0.0,0.0,0.0,0.0,0.503,0.0,0.019,0.01,0.005,0.456,0.0,0.0,0.0
413,116.385,40.015,0.009,0.175,0.0,0.0,0.0,0.64,0.0,0.025,0.005,0.011,0.128,0.0,0.0,0.008
414,116.395,40.015,0.041,0.079,0.079,0.0,0.037,0.578,0.0,0.052,0.052,0.025,0.05,0.0,0.0,0.007
415,116.405,40.015,0.059,0.056,0.071,0.0,0.04,0.155,0.149,0.059,0.028,0.007,0.142,0.033,0.186,0.015
416,116.415,40.015,0.092,0.0,0.055,0.0,0.231,0.0,0.362,0.01,0.018,0.014,0.069,0.13,0.0,0.019
417,116.425,40.015,0.136,0.0,0.164,0.0,0.343,0.0,0.0,0.062,0.134,0.031,0.102,0.0,0.0,0.029
418,116.435,40.015,0.185,0.0,0.111,0.0,0.103,0.0,0.0,0.042,0.145,0.0,0.0,0.0,0.415,0.0
419,116.445,40.015,0.046,0.023,0.031,0.0,0.019,0.0,0.795,0.009,0.011,0.006,0.022,0.014,0.016,0.007
420,116.455,40.015,0.067,0.021,0.098,0.066,0.067,0.056,0.108,0.13,0.118,0.061,0.09,0.012,0.039,0.067
421,116.465,40.015,0.116,0.04,0.283,0.025,0.1,0.0,0.105,0.035,0.039,0.027,0.025,0.035,0.093,0.077
422,116.475,40.015,0.087,0.064,0.084,0.0,0.037,0.029,0.465,0.033,0.016,0.066,0.04,0.057,0.015,0.006
423,116.485,40.015,0.0,0.0,0.0,0.0,0.385,0.0,0.543,0.0,0.0,0.0,0.0,0.0,0.0,0.072
424,116.495,40.015,0.016,0.05,0.051,0.09,0.142,0.046,0.0,0.119,0.025,0.098,0.0,0.269,0.0,0.093
425,116.255,40.025,0.029,0.035,0.0,0.433,0.016,0.253,0.0,0.026,0.051,0.048,0.0,0.082,0.016,0.012
426,116.265,40.025,0.08,0.053,0.033,0.085,0.124,0.024,0.052,0.05,0.087,0.03,0.183,0.078,0.062,0.058
427,116.275,40.025,0.046,0.014,0.034,0.076,0.096,0.0,0.037,0.066,0.188,0.144,0.107,0.025,0.066,0.1
428,116.285,40.025,0.069,0.027,0.02,0.191,0.087,0.024,0.105,0.133,0.083,0.05,0.067,0.032,0.075,0.037
429,116.295,40.025,0.069,0.099,0.124,0.095,0.077,0.03,0.044,0.078,0.092,0.027,0.104,0.039,0.047,0.075
430,116.305,40.025,0.052,0.096,0.073,0.044,0.059,0.024,0.075,0.044,0.073,0.082,0.148,0.016,0.111,0.103
431,116.315,40.025,0.015,0.024,0.027,0.052,0.136,0.044,0.016,0.06,0.163,0.018,0.305,0.058,0.046,0.036
432,116.325,40.025,0.031,0.165,0.022,0.056,0.024,0.0,0.089,0.126,0.049,0.218,0.078,0.0,0.015,0.128
433,116.335,40.025,0.071,0.061,0.044,0.103,0.096,0.0,0.041,0.144,0.06,0.125,0.09,0.024,0.019,0.122
434,116.345,40.025,0.072,0.043,0.056,0.14,0.068,0.04,0.057,0.119,0.076,0.056,0.1,0.026,0.061,0.086
435,116.355,40.025,0.072,0.069,0.078,0.148,0.089,0.0,0.046,0.14,0.079,0.104,0.022,0.041,0.049,0.063
436,116.365,40.025,0.105,0.126,0.079,0.023,0.073,0.115,0.166,0.018,0.051,0.012,0.158,0.075,0.0,0.0
437,116.375,40.025,0.028,0.0,0.022,0.0,0.0,0.65,0.0,0.034,0.015,0.028,0.223,0.0,0.0,0.0
438,116.385,40.025,0.043,0.0,0.026,0.0,0.0,0.472,0.068,0.02,0.034,0.013,0.324,0.0,0.0,0.0
439,116.395,40.025,0.133,0.159,0.04,0.0,0.0,0.437,0.0,0.075,0.026,0.03,0.1,0.0,0.0,0.0
440,116.405,40.025,0.113,0.076,0.059,0.027,0.044,0.069,0.038,0.065,0.074,0.031,0.298,0.011,0.053,0.041
441,116.415,40.025,0.084,0.021,0.098,0.214,0.053,0.019,0.19,0.045,0.088,0.074,0.026,0.049,0.0,0.041
442,116.425,40.025,0.074,0.113,0.046,0.061,0.112,0.0,0.354,0.043,0.088,0.027,0.035,0.033,0.0,0.015
443,116.435,40.025,0.043,0.019,0.049,0.023,0.024,0.0,0.345,0.04,0.023,0.27,0.049,0.015,0.012,0.085
444,116.445,40.025,0.047,0.0,0.087,0.01,0.036,0.026,0.579,0.023,0.035,0.016,0.018,0.067,0.02,0.036
445,116.455,40.025,0.024,0.115,0.083,0.062,0.08,0.105,0.17,0.038,0.066,0.022,0.126,0.017,0.054,0.04
446,116.465,40.025,0.109,0.0,0.171,0.014,0.094,0.11,0.132,0.049,0.02,0.151,0.0,0.0,0.075,0.074
447,116.475,40.025,0.06,0.072,0.09,0.0,0.067,0.132,0.238,0.048,0.0,0.15,0.091,0.0,0.034,0.019
448,116.485,40.025,0.079,0.0,0.0,0.109,0.106,0.0,0.1,0.043,0.099,0.029,0.19,0.179,0.0,0.066
449,116.495,40.025,0.06,0.082,0.165,0.029,0.115,0.0,0.0,0.054,0.027,0.067,0.103,0.195,0.0,0.101
450,116.255,40.035,0.02,0.077,0.029,0.0,0.009,0.632,0.076,0.018,0.006,0.012,0.048,0.023,0.036,0.013
451,116.265,40.035,0.101,0.026,0.072,0.243,0.037,0.072,0.034,0.133,0.064,0.046,0.033,0.046,0.073,0.021
452,116.275,40.035,0.062,0.0,0.095,0.121,0.108,0.039,0.056,0.136,0.138,0.053,0.106,0.0,0.04,0.048
453,116.285,40.035,0.118,0.061,0.13,0.076,0.078,0.0,0.201,0.046,0.06,0.038,0.019,0.036,0.014,0.123
454,116.295,40.035,0.127,0.076,0.157,0.027,0.186,0.035,0.1,0.065,0.068,0.026,0.071,0.0,0.0,0.063
455,116.305,40.035,0.085,0.034,0.335,0.015,0.097,0.013,0.054,0.054,0.105,0.021,0.06,0.016,0.061,0.048
456,116.315,40.035,0.071,0.022,0.097,0.111,0.108,0.04,0.015,0.115,0.065,0.046,0.138,0.105,0.0,0.068
457,116.325,40.035,0.045,0.068,0.05,0.115,0.079,0.009,0.058,0.095,0.083,0.063,0.073,0.063,0.073,0.127
458,116.335,40.035,0.077,0.016,0.08,0.093,0.126,0.075,0.065,0.097,0.083,0.065,0.082,0.039,0.046,0.058
459,116.345,40.035,0.082,0.054,0.044,0.111,0.123,0.012,0.036,0.111,0.093,0.06,0.076,0.072,0.013,0.111
460,116.355,40.035,0.085,0.126,0.045,0.098,0.074,0.096,0.097,0.129,0.062,0.053,0.026,0.025,0.039,0.046
461,116.365,40.035,0.079,0.037,0.098,0.058,0.075,0.034,0.148,0.086,0.065,0.052,0.07,0.044,0.07,0.084
462,116.375,40.035,0.076,0.061,0.313,0.0,0.1,0.0,0.08,0.063,0.04,0.019,0.077,0.0,0.143,0.027
463,116.385,40.035,0.058,0.0,0.047,0.0,0.043,0.0,0.123,0.105,0.03,0.0,0.467,0.11,0.0,0.016
464,116.395,40.035,0.101,0.0,0.053,0.106,0.108,0.116,0.167,0.08,0.076,0.019,0.106,0.025,0.02,0.026
465,116.405,40.035,0.059,0.068,0.13,0.128,0.046,0.039,0.034,0.081,0.083,0.039,0.139,0.02,0.08,0.055
466,116.415,40.035,0.059,0.095,0.098,0.054,0.058,0.006,0.108,0.092,0.077,0.107,0.067,0.045,0.027,0.107
467,116.425,40.035,0.077,0.101,0.048,0.108,0.055,0.031,0.155,0.089,0.072,0.034,0.063,0.05,0.024,0.093
468,116.435,40.035,0.086,0.067,0.059,0.132,0.035,0.031,0.133,0.074,0.052,0.15,0.084,0.02,0.047,0.031
469,116.445,40.035,0.1,0.0,0.167,0.026,0.138,0.135,0.244,0.042,0.012,0.079,0.0,0.044,0.0,0.013
470,116.455,40.035,0.173,0.552,0.0,0.0,0.065,0.0,0.0,0.131,0.045,0.035,0.0,0.0,0.0,0.0
471,116.465,40.035,0.138,0.0,0.021,0.059,0.0,0.0,0.652,0.047,0.0,0.041,0.0,0.0,0.0,0.043
472,116.475,40.035,0.071,0.151,0.076,0.0,0.035,0.0,0.15,0.021,0.012,0.029,0.332,0.09,0.0,0.033
473,116.485,40.035,0.1,0.0,0.156,0.026,0.24,0.0,0.048,0.111,0.036,0.055,0.0,0.13,0.0,0.096
474,116.495,40.035,0.071,0.037,0.042,0.054,0.053,0.171,0.074,0.067,0.037,0.207,0.024,0.044,0.0,0.118
475,116.255,40.045,0.118,0.0,0.015,0.149,0.056,0.109,0.098,0.127,0.054,0.058,0.056,0.0,0.14,0.021
476,116.265,40.045,0.119,0.0,0.071,0.119,0.233,0.043,0.063,0.058,0.093,0.078,0.06,0.0,0.045,0.017
477,116.275,40.045,0.197,0.0,0.218,0.008,0.144,0.019,0.07,0.018,0.045,0.016,0.133,0.0,0.07,0.061
478,116.285,40.045,0.162,0.019,0.157,0.041,0.19,0.0,0.075,0.05,0.093,0.036,0.048,0.0,0.089,0.04
479,116.295,40.045,0.126,0.026,0.308,0.037,0.134,0.0,0.034,0.025,0.043,0.013,0.024,0.062,0.091,0.077
480,116.305,40.045,0.126,0.02,0.225,0.014,0.11,0.036,0.104,0.054,0.039,0.026,0.099,0.035,0.037,0.076
481,116.315,40.045,0.087,0.03,0.045,0.074,0.118,0.027,0.137,0.104,0.087,0.047,0.075,0.035,0.042,0.093
482,116.325,40.045,0.04,0.061,0.092,0.048,0.063,0.0,0.351,0.053,0.035,0.036,0.089,0.044,0.022,0.067
483,116.335,40.045,0.053,0.027,0.116,0.143,0.084,0.036,0.21,0.058,0.059,0.037,0.033,0.047,0.05,0.049
484,116.345,40.045,0.088,0.12,0.145,0.026,0.095,0.022,0.063,0.086,0.071,0.033,0.106,0.043,0.045,0.057
485,116.355,40.045,0.048,0.083,0.239,0.015,0.087,0.0,0.109,0.016,0.027,0.008,0.156,0.049,0.097,0.065
486,116.365,40.045,0.024,0.077,0.301,0.083,0.072,0.0,0.204,0.015,0.089,0.01,0.097,0.0,0.0,0.027
487,116.375,40.045,0.063,0.0,0.0,0.0,0.0,0.278,0.0,0.086,0.0,0.0,0.572,0.0,0.0,0.0
488,116.385,40.045,0.01,0.099,0.0,0.0,0.0,0.631,0.0,0.065,0.0,0.0,0.186,0.0,0.0,0.009
489,116.395,40.045,0.092,0.0,0.037,0.115,0.123,0.107,0.212,0.094,0.053,0.062,0.037,0.0,0.0,0.069
490,116.405,40.045,0.054,0.109,0.072,0.075,0.045,0.038,0.072,0.11,0.038,0.076,0.09,0.1,0.024,0.098
491,116.415,40.045,0.076,0.054,0.048,0.068,0.057,0.025,0.107,0.151,0.12,0.055,0.068,0.064,0.038,0.069
492,116.425,40.045,0.065,0.081,0.022,0.087,0.076,0.012,0.098,0.109,0.08,0.069,0.145,0.016,0.064,0.075
493,116.435,40.045,0.062,0.0,0.186,0.09,0.064,0.021,0.075,0.084,0.134,0.027,0.129,0.068,0.011,0.05
494,116.445,40.045,0.0,0.753,0.0,0.0,0.0,0.0,0.0,0.0,0.247,0.0,0.0,0.0,0.0,0.0
495,116.455,40.045,0.117,0.28,0.035,0.0,0.196,0.0,0.0,0.079,0.137,0.0,0.0,0.0,0.131,0.024
496,116.465,40.045,0.0,0.0,0.02,0.171,0.037,0.146,0.105,0.196,0.0,0.13,0.0,0.0,0.0,0.195
497,116.475,40.045,0.063,0.134,0.059,0.048,0.047,0.123,0.177,0.083,0.033,0.008,0.126,0.04,0.0,0.059
498,116.485,40.045,0.048,0.076,0.148,0.014,0.08,0.139,0.025,0.025,0.124,0.05,0.167,0.068,0.0,0.037
499,116.495,40.045,0.055,0.152,0.067,0.027,0.124,0.278,0.05,0.022,0.099,0.067,0.0,0.0,0.0,0.06
